merchant_id,merchant_name,merchant_address,merchant_email,merchant_phone
501,Uche Mohammed Stores,"63 Ahmadu Bello Way, Kano",uche.mohammed1@mail.com,+234782770307
502,Abubakar Eze General Merchants,"114 Allen Avenue, Port Harcourt",abubakar.eze2@mail.com,+234704236016
503,Abubakar Akinyemi Enterprises,"88 Awolowo Road, Enugu",abubakar.akinyemi3@mail.com,+234705859720
504,Chinedu Balogun Trading Co,"21 Allen Avenue, Abuja",chinedu.balogun4@mail.com,+234704443655
505,Kelechi Ibrahim Global Ventures,"14 Allen Avenue, Enugu",kelechi.ibrahim5@mail.com,+234758645511
506,Chinedu Eze Global Ventures,"194 Ahmadu Bello Way, Lagos",chinedu.eze6@mail.com,+234769621581
507,Suleiman Usman Ventures,"278 Awolowo Road, Kano",suleiman.usman7@mail.com,+234732580817
508,Chukwuemeka Bello Enterprises,"281 Lagos Island Road, Kaduna",chukwuemeka.bello8@mail.com,+234702228501
509,Kelechi Nwankwo Distribution Ltd,"202 Ikorodu Road, Enugu",kelechi.nwankwo9@mail.com,+234709975969
510,Femi Ojo Trading Co,"216 Allen Avenue, Port Harcourt",femi.ojo10@mail.com,+234774532130
511,Oluwaseun Ademola Distribution Ltd,"258 Herbert Macaulay Way, Kano",oluwaseun.ademola11@mail.com,+234700312981
512,Femi Usman Trading Co,"222 Ahmadu Bello Way, Enugu",femi.usman12@mail.com,+234711770475
513,Adebayo Okeke Stores,"185 Herbert Macaulay Way, Kaduna",adebayo.okeke13@mail.com,+234790793331
514,Kelechi Ojo Retailers,"146 Awolowo Road, Abuja",kelechi.ojo14@mail.com,+234773206076
515,Uche Okeke Ventures,"202 Ahmadu Bello Way, Ibadan",uche.okeke15@mail.com,+234763654645
516,Adebayo Ibrahim Distribution Ltd,"247 Ikorodu Road, Ibadan",adebayo.ibrahim16@mail.com,+234739022450
517,Chinedu Okafor Global Ventures,"37 Broad Street, Kano",chinedu.okafor17@mail.com,+234701107030
518,Chinedu Bello Global Ventures,"245 Allen Avenue, Abuja",chinedu.bello18@mail.com,+234701570326
519,Chukwuemeka Danladi General Merchants,"50 Herbert Macaulay Way, Abuja",chukwuemeka.danladi19@mail.com,+234744142588
520,Yakubu Okafor Enterprises,"243 Broad Street, Ibadan",yakubu.okafor20@mail.com,+234761414448
521,Abubakar Nwankwo Global Ventures,"26 Awolowo Road, Port Harcourt",abubakar.nwankwo21@mail.com,+234796878981
522,Abubakar Ibrahim Retailers,"241 Herbert Macaulay Way, Port Harcourt",abubakar.ibrahim22@mail.com,+234737731883
523,Femi Mohammed General Merchants,"53 Herbert Macaulay Way, Ibadan",femi.mohammed23@mail.com,+234771203676
524,Uche Ibrahim Trading Co,"287 Ikorodu Road, Ibadan",uche.ibrahim24@mail.com,+234768519524
525,Abubakar Okafor Supermarket,"34 Allen Avenue, Kano",abubakar.okafor25@mail.com,+234768459160
526,Abubakar Danladi Enterprises,"294 Ahmadu Bello Way, Ibadan",abubakar.danladi26@mail.com,+234727528607
527,Kelechi Okeke Stores,"193 Herbert Macaulay Way, Kaduna",kelechi.okeke27@mail.com,+234737745122
528,Ibrahim Bello Stores,"227 Ahmadu Bello Way, Kano",ibrahim.bello28@mail.com,+234784406227
529,Chukwuemeka Okeke Global Ventures,"19 Ikorodu Road, Port Harcourt",chukwuemeka.okeke29@mail.com,+234786313387
530,Tunde Usman Retailers,"289 Ikorodu Road, Enugu",tunde.usman30@mail.com,+234792946702
531,Femi Ojo Stores,"187 Herbert Macaulay Way, Lagos",femi.ojo31@mail.com,+234719357893
532,Bola Ojo Enterprises,"274 Ahmadu Bello Way, Abuja",bola.ojo32@mail.com,+234747131199
533,Chukwuemeka Ademola Retailers,"10 Ahmadu Bello Way, Lagos",chukwuemeka.ademola33@mail.com,+234706918282
534,Oluwaseun Usman Distribution Ltd,"138 Ahmadu Bello Way, Ibadan",oluwaseun.usman34@mail.com,+234769683359
535,Ibrahim Danladi Stores,"264 Lagos Island Road, Kaduna",ibrahim.danladi35@mail.com,+234741090758
536,Yakubu Bello Trading Co,"113 Herbert Macaulay Way, Abuja",yakubu.bello36@mail.com,+234760397835
537,Adebayo Danladi Supermarket,"221 Lagos Island Road, Kaduna",adebayo.danladi37@mail.com,+234775502208
538,Chukwuemeka Balogun Distribution Ltd,"116 Ahmadu Bello Way, Enugu",chukwuemeka.balogun38@mail.com,+234701813344
539,Abubakar Okafor Trading Co,"28 Lagos Island Road, Port Harcourt",abubakar.okafor39@mail.com,+234754737791
540,Femi Balogun Trading Co,"63 Allen Avenue, Port Harcourt",femi.balogun40@mail.com,+234723864835
541,Abubakar Ademola Stores,"294 Awolowo Road, Enugu",abubakar.ademola41@mail.com,+234795887515
542,Uche Ibrahim General Merchants,"79 Ahmadu Bello Way, Port Harcourt",uche.ibrahim42@mail.com,+234728159582
543,Chukwuemeka Usman Global Ventures,"98 Ahmadu Bello Way, Ibadan",chukwuemeka.usman43@mail.com,+234754803763
544,Abubakar Balogun Distribution Ltd,"32 Herbert Macaulay Way, Port Harcourt",abubakar.balogun44@mail.com,+234776261337
545,Abubakar Nwankwo Retailers,"96 Ikorodu Road, Abuja",abubakar.nwankwo45@mail.com,+234799806060
546,Oluwaseun Mohammed Global Ventures,"236 Allen Avenue, Lagos",oluwaseun.mohammed46@mail.com,+234791525497
547,Yakubu Balogun Trading Co,"33 Lagos Island Road, Port Harcourt",yakubu.balogun47@mail.com,+234729651766
548,Adebayo Okeke General Merchants,"229 Lagos Island Road, Kaduna",adebayo.okeke48@mail.com,+234717447030
549,Adebayo Eze Enterprises,"153 Allen Avenue, Enugu",adebayo.eze49@mail.com,+234722252831
550,Chinedu Balogun General Merchants,"45 Allen Avenue, Lagos",chinedu.balogun50@mail.com,+234743100996
551,Emeka Nwankwo General Merchants,"127 Awolowo Road, Kano",emeka.nwankwo51@mail.com,+234774360662
552,Abubakar Mohammed Enterprises,"179 Allen Avenue, Lagos",abubakar.mohammed52@mail.com,+234806833414
553,Abubakar Ojo Enterprises,"182 Ahmadu Bello Way, Abuja",abubakar.ojo53@mail.com,+234797386107
554,Femi Danladi Trading Co,"18 Broad Street, Abuja",femi.danladi54@mail.com,+234733342783
555,Emeka Balogun Ventures,"237 Ikorodu Road, Lagos",emeka.balogun55@mail.com,+234763027102
556,Ibrahim Bello Supermarket,"131 Herbert Macaulay Way, Enugu",ibrahim.bello56@mail.com,+234797912182
557,Chukwuemeka Ademola Retailers,"42 Lagos Island Road, Kaduna",chukwuemeka.ademola57@mail.com,+234713891954
558,Kelechi Ademola General Merchants,"60 Awolowo Road, Abuja",kelechi.ademola58@mail.com,+234799341722
559,Bola Okeke General Merchants,"110 Ikorodu Road, Enugu",bola.okeke59@mail.com,+234736073717
560,Ibrahim Balogun Supermarket,"10 Broad Street, Abuja",ibrahim.balogun60@mail.com,+234766293887
561,Abubakar Nwankwo Ventures,"159 Ahmadu Bello Way, Enugu",abubakar.nwankwo61@mail.com,+234713968257
562,Suleiman Nwankwo Enterprises,"134 Allen Avenue, Kano",suleiman.nwankwo62@mail.com,+234782423106
563,Uche Danladi Ventures,"122 Lagos Island Road, Kano",uche.danladi63@mail.com,+234740233901
564,Yakubu Akinyemi Global Ventures,"142 Ikorodu Road, Kano",yakubu.akinyemi64@mail.com,+234738766949
565,Yakubu Mohammed Enterprises,"258 Broad Street, Enugu",yakubu.mohammed65@mail.com,+234771800686
566,Ibrahim Okafor Stores,"296 Herbert Macaulay Way, Ibadan",ibrahim.okafor66@mail.com,+234802565120
567,Chinedu Ojo General Merchants,"59 Herbert Macaulay Way, Ibadan",chinedu.ojo67@mail.com,+234741913801
568,Abubakar Mohammed Stores,"117 Ahmadu Bello Way, Enugu",abubakar.mohammed68@mail.com,+234794399261
569,Uche Nwankwo Stores,"186 Awolowo Road, Ibadan",uche.nwankwo69@mail.com,+234762976447
570,Femi Eze Stores,"274 Awolowo Road, Abuja",femi.eze70@mail.com,+234708724433
571,Femi Akinyemi Stores,"175 Broad Street, Kaduna",femi.akinyemi71@mail.com,+234718346737
572,Ibrahim Balogun Trading Co,"187 Ikorodu Road, Lagos",ibrahim.balogun72@mail.com,+234749754905
573,Kelechi Ademola Stores,"49 Lagos Island Road, Abuja",kelechi.ademola73@mail.com,+234771350837
574,Adebayo Bello Enterprises,"264 Awolowo Road, Kano",adebayo.bello74@mail.com,+234802587000
575,Yakubu Okeke Stores,"22 Awolowo Road, Port Harcourt",yakubu.okeke75@mail.com,+234722611889
576,Tunde Okeke Ventures,"82 Ikorodu Road, Ibadan",tunde.okeke76@mail.com,+234743064290
577,Adebayo Mohammed Supermarket,"155 Awolowo Road, Port Harcourt",adebayo.mohammed77@mail.com,+234762502688
578,Ibrahim Mohammed Trading Co,"156 Allen Avenue, Kaduna",ibrahim.mohammed78@mail.com,+234711691039
579,Kelechi Okeke Ventures,"110 Lagos Island Road, Ibadan",kelechi.okeke79@mail.com,+234800086507
580,Ibrahim Bello Supermarket,"179 Herbert Macaulay Way, Ibadan",ibrahim.bello80@mail.com,+234795378365
581,Suleiman Mohammed Distribution Ltd,"268 Allen Avenue, Ibadan",suleiman.mohammed81@mail.com,+234796012298
582,Ibrahim Okeke General Merchants,"172 Ikorodu Road, Lagos",ibrahim.okeke82@mail.com,+234802084982
583,Adebayo Ademola Supermarket,"189 Ahmadu Bello Way, Ibadan",adebayo.ademola83@mail.com,+234715868233
584,Ibrahim Eze General Merchants,"275 Ahmadu Bello Way, Kaduna",ibrahim.eze84@mail.com,+234794047332
585,Oluwaseun Balogun Global Ventures,"156 Allen Avenue, Kaduna",oluwaseun.balogun85@mail.com,+234794601194
586,Adebayo Balogun Trading Co,"47 Ahmadu Bello Way, Lagos",adebayo.balogun86@mail.com,+234774899223
587,Abubakar Ademola Ventures,"130 Allen Avenue, Lagos",abubakar.ademola87@mail.com,+234710167245
588,Bola Balogun Trading Co,"134 Awolowo Road, Lagos",bola.balogun88@mail.com,+234768827826
589,Adebayo Nwankwo Retailers,"50 Ikorodu Road, Port Harcourt",adebayo.nwankwo89@mail.com,+234704457547
590,Emeka Balogun Stores,"270 Broad Street, Abuja",emeka.balogun90@mail.com,+234734766265
591,Emeka Danladi Ventures,"130 Herbert Macaulay Way, Lagos",emeka.danladi91@mail.com,+234734278880
592,Tunde Balogun Supermarket,"229 Awolowo Road, Abuja",tunde.balogun92@mail.com,+234781420413
593,Kelechi Balogun Global Ventures,"282 Lagos Island Road, Port Harcourt",kelechi.balogun93@mail.com,+234802892990
594,Suleiman Danladi Supermarket,"30 Ikorodu Road, Kano",suleiman.danladi94@mail.com,+234790028094
595,Emeka Mohammed General Merchants,"298 Allen Avenue, Port Harcourt",emeka.mohammed95@mail.com,+234783031788
596,Abubakar Akinyemi Supermarket,"289 Ahmadu Bello Way, Ibadan",abubakar.akinyemi96@mail.com,+234721755513
597,Ibrahim Balogun Retailers,"149 Awolowo Road, Abuja",ibrahim.balogun97@mail.com,+234720219453
598,Adebayo Ibrahim Stores,"52 Awolowo Road, Kaduna",adebayo.ibrahim98@mail.com,+234726273392
599,Suleiman Usman Supermarket,"44 Ikorodu Road, Port Harcourt",suleiman.usman99@mail.com,+234733140075
600,Emeka Nwankwo Ventures,"213 Ahmadu Bello Way, Kaduna",emeka.nwankwo100@mail.com,+234739128188
601,Chinedu Nwankwo Supermarket,"124 Awolowo Road, Abuja",chinedu.nwankwo101@mail.com,+234721264412
602,Yakubu Bello Distribution Ltd,"212 Broad Street, Enugu",yakubu.bello102@mail.com,+234739065986
603,Emeka Usman Global Ventures,"290 Ikorodu Road, Kano",emeka.usman103@mail.com,+234767008435
604,Chukwuemeka Usman Distribution Ltd,"260 Ikorodu Road, Port Harcourt",chukwuemeka.usman104@mail.com,+234762008806
605,Kelechi Ibrahim Supermarket,"292 Lagos Island Road, Kaduna",kelechi.ibrahim105@mail.com,+234769940165
606,Femi Balogun Global Ventures,"162 Ikorodu Road, Port Harcourt",femi.balogun106@mail.com,+234702843628
607,Emeka Balogun Ventures,"180 Lagos Island Road, Enugu",emeka.balogun107@mail.com,+234726164322
608,Femi Danladi Trading Co,"202 Lagos Island Road, Kaduna",femi.danladi108@mail.com,+234788756675
609,Tunde Nwankwo Supermarket,"148 Ahmadu Bello Way, Port Harcourt",tunde.nwankwo109@mail.com,+234719019173
610,Uche Nwankwo Trading Co,"273 Lagos Island Road, Kano",uche.nwankwo110@mail.com,+234771155175
611,Emeka Ademola Enterprises,"222 Broad Street, Port Harcourt",emeka.ademola111@mail.com,+234808990023
612,Ibrahim Usman Supermarket,"250 Broad Street, Abuja",ibrahim.usman112@mail.com,+234757584724
613,Kelechi Obi General Merchants,"222 Broad Street, Enugu",kelechi.obi113@mail.com,+234751787850
614,Emeka Danladi Trading Co,"250 Awolowo Road, Kano",emeka.danladi114@mail.com,+234712162128
615,Ibrahim Okafor Supermarket,"222 Awolowo Road, Enugu",ibrahim.okafor115@mail.com,+234734398490
616,Bola Okafor Stores,"120 Herbert Macaulay Way, Abuja",bola.okafor116@mail.com,+234772285267
617,Oluwaseun Bello Retailers,"183 Ahmadu Bello Way, Ibadan",oluwaseun.bello117@mail.com,+234789087566
618,Oluwaseun Ojo Global Ventures,"242 Allen Avenue, Ibadan",oluwaseun.ojo118@mail.com,+234770400604
619,Kelechi Danladi Enterprises,"165 Allen Avenue, Abuja",kelechi.danladi119@mail.com,+234765310339
620,Adebayo Nwankwo Stores,"221 Allen Avenue, Enugu",adebayo.nwankwo120@mail.com,+234709616721
621,Yakubu Ibrahim Distribution Ltd,"289 Ahmadu Bello Way, Kaduna",yakubu.ibrahim121@mail.com,+234730446583
622,Bola Obi Supermarket,"60 Ikorodu Road, Abuja",bola.obi122@mail.com,+234701349165
623,Chinedu Ademola Retailers,"136 Ahmadu Bello Way, Enugu",chinedu.ademola123@mail.com,+234774063226
624,Oluwaseun Danladi Retailers,"157 Ahmadu Bello Way, Abuja",oluwaseun.danladi124@mail.com,+234736078393
625,Adebayo Danladi Distribution Ltd,"256 Awolowo Road, Kano",adebayo.danladi125@mail.com,+234743538873
626,Tunde Usman Global Ventures,"35 Awolowo Road, Kaduna",tunde.usman126@mail.com,+234757190561
627,Oluwaseun Balogun Supermarket,"263 Ikorodu Road, Kano",oluwaseun.balogun127@mail.com,+234742568567
628,Abubakar Ademola Retailers,"242 Ahmadu Bello Way, Abuja",abubakar.ademola128@mail.com,+234706250892
629,Adebayo Nwankwo Enterprises,"119 Allen Avenue, Port Harcourt",adebayo.nwankwo129@mail.com,+234772996798
630,Yakubu Usman Distribution Ltd,"211 Awolowo Road, Lagos",yakubu.usman130@mail.com,+234784404862
631,Oluwaseun Danladi Stores,"124 Broad Street, Enugu",oluwaseun.danladi131@mail.com,+234785808491
632,Suleiman Bello Stores,"206 Ahmadu Bello Way, Enugu",suleiman.bello132@mail.com,+234704375213
633,Ibrahim Mohammed Supermarket,"128 Ahmadu Bello Way, Kano",ibrahim.mohammed133@mail.com,+234740197117
634,Adebayo Ojo Supermarket,"180 Ahmadu Bello Way, Abuja",adebayo.ojo134@mail.com,+234769313389
635,Oluwaseun Okafor Global Ventures,"191 Broad Street, Port Harcourt",oluwaseun.okafor135@mail.com,+234755874833
636,Emeka Nwankwo Ventures,"201 Broad Street, Abuja",emeka.nwankwo136@mail.com,+234782567744
637,Chinedu Obi General Merchants,"201 Allen Avenue, Kaduna",chinedu.obi137@mail.com,+234722945434
638,Ibrahim Okafor General Merchants,"256 Ahmadu Bello Way, Abuja",ibrahim.okafor138@mail.com,+234720340220
639,Emeka Ojo Global Ventures,"253 Herbert Macaulay Way, Enugu",emeka.ojo139@mail.com,+234782613629
640,Chinedu Okafor Retailers,"33 Herbert Macaulay Way, Kano",chinedu.okafor140@mail.com,+234712157214
641,Oluwaseun Ademola Distribution Ltd,"77 Herbert Macaulay Way, Port Harcourt",oluwaseun.ademola141@mail.com,+234765364816
642,Kelechi Ojo Enterprises,"229 Ahmadu Bello Way, Kano",kelechi.ojo142@mail.com,+234736252689
643,Bola Okafor Enterprises,"298 Awolowo Road, Port Harcourt",bola.okafor143@mail.com,+234711698428
644,Ibrahim Okafor Ventures,"88 Ahmadu Bello Way, Kano",ibrahim.okafor144@mail.com,+234768341606
645,Adebayo Usman Retailers,"63 Allen Avenue, Port Harcourt",adebayo.usman145@mail.com,+234756878382
646,Kelechi Akinyemi Ventures,"72 Lagos Island Road, Lagos",kelechi.akinyemi146@mail.com,+234760037666
647,Kelechi Ademola Distribution Ltd,"35 Allen Avenue, Port Harcourt",kelechi.ademola147@mail.com,+234741925772
648,Femi Danladi Retailers,"61 Ahmadu Bello Way, Port Harcourt",femi.danladi148@mail.com,+234794108767
649,Femi Ibrahim Retailers,"119 Awolowo Road, Kaduna",femi.ibrahim149@mail.com,+234763191091
650,Emeka Bello Global Ventures,"231 Ikorodu Road, Abuja",emeka.bello150@mail.com,+234757786779
651,Abubakar Mohammed Enterprises,"125 Ikorodu Road, Port Harcourt",abubakar.mohammed151@mail.com,+234793946667
652,Emeka Balogun Stores,"40 Awolowo Road, Abuja",emeka.balogun152@mail.com,+234743412719
653,Femi Akinyemi Distribution Ltd,"119 Ikorodu Road, Ibadan",femi.akinyemi153@mail.com,+234743758155
654,Ibrahim Mohammed Distribution Ltd,"105 Lagos Island Road, Lagos",ibrahim.mohammed154@mail.com,+234793167269
655,Emeka Obi Enterprises,"66 Lagos Island Road, Ibadan",emeka.obi155@mail.com,+234767546334
656,Yakubu Mohammed Distribution Ltd,"283 Ikorodu Road, Kano",yakubu.mohammed156@mail.com,+234728556062
657,Adebayo Obi Enterprises,"176 Herbert Macaulay Way, Kano",adebayo.obi157@mail.com,+234739430479
658,Chukwuemeka Ojo Trading Co,"105 Ikorodu Road, Kano",chukwuemeka.ojo158@mail.com,+234787255068
659,Tunde Danladi Ventures,"182 Herbert Macaulay Way, Kaduna",tunde.danladi159@mail.com,+234786391792
660,Uche Akinyemi Enterprises,"25 Herbert Macaulay Way, Kano",uche.akinyemi160@mail.com,+234777276131
661,Suleiman Okafor Ventures,"33 Lagos Island Road, Port Harcourt",suleiman.okafor161@mail.com,+234789928493
662,Tunde Ojo Distribution Ltd,"289 Awolowo Road, Kano",tunde.ojo162@mail.com,+234753993997
663,Kelechi Mohammed Stores,"110 Lagos Island Road, Port Harcourt",kelechi.mohammed163@mail.com,+234776727365
664,Emeka Mohammed Supermarket,"85 Herbert Macaulay Way, Abuja",emeka.mohammed164@mail.com,+234766137201
665,Suleiman Nwankwo Retailers,"19 Ikorodu Road, Enugu",suleiman.nwankwo165@mail.com,+234808350101
666,Ibrahim Balogun Enterprises,"64 Ahmadu Bello Way, Lagos",ibrahim.balogun166@mail.com,+234806349289
667,Adebayo Okafor Distribution Ltd,"173 Ikorodu Road, Kano",adebayo.okafor167@mail.com,+234773010421
668,Femi Balogun Enterprises,"12 Allen Avenue, Enugu",femi.balogun168@mail.com,+234776898178
669,Suleiman Danladi Ventures,"223 Broad Street, Lagos",suleiman.danladi169@mail.com,+234763330306
670,Ibrahim Nwankwo Distribution Ltd,"288 Awolowo Road, Kano",ibrahim.nwankwo170@mail.com,+234756536517
671,Ibrahim Bello Stores,"197 Awolowo Road, Kaduna",ibrahim.bello171@mail.com,+234759339070
672,Bola Bello Trading Co,"72 Lagos Island Road, Port Harcourt",bola.bello172@mail.com,+234747820228
673,Oluwaseun Eze Enterprises,"217 Awolowo Road, Kano",oluwaseun.eze173@mail.com,+234805832392
674,Chukwuemeka Okafor Distribution Ltd,"155 Awolowo Road, Lagos",chukwuemeka.okafor174@mail.com,+234743133144
675,Suleiman Mohammed Trading Co,"8 Allen Avenue, Port Harcourt",suleiman.mohammed175@mail.com,+234758803851
676,Adebayo Okafor General Merchants,"119 Herbert Macaulay Way, Lagos",adebayo.okafor176@mail.com,+234737960505
677,Suleiman Danladi General Merchants,"206 Allen Avenue, Kano",suleiman.danladi177@mail.com,+234740069076
678,Tunde Ademola Ventures,"44 Herbert Macaulay Way, Lagos",tunde.ademola178@mail.com,+234729625203
679,Yakubu Ademola Distribution Ltd,"67 Allen Avenue, Abuja",yakubu.ademola179@mail.com,+234704694175
680,Chukwuemeka Akinyemi Supermarket,"47 Broad Street, Enugu",chukwuemeka.akinyemi180@mail.com,+234727779115
681,Ibrahim Akinyemi General Merchants,"53 Lagos Island Road, Lagos",ibrahim.akinyemi181@mail.com,+234793594227
682,Yakubu Ojo Distribution Ltd,"62 Ahmadu Bello Way, Kaduna",yakubu.ojo182@mail.com,+234709991308
683,Abubakar Ademola Supermarket,"254 Awolowo Road, Kaduna",abubakar.ademola183@mail.com,+234753767626
684,Suleiman Bello Ventures,"208 Herbert Macaulay Way, Kaduna",suleiman.bello184@mail.com,+234754361998
685,Adebayo Obi Global Ventures,"16 Herbert Macaulay Way, Ibadan",adebayo.obi185@mail.com,+234744500344
686,Femi Nwankwo General Merchants,"225 Allen Avenue, Kano",femi.nwankwo186@mail.com,+234740337303
687,Tunde Okeke Retailers,"240 Ahmadu Bello Way, Abuja",tunde.okeke187@mail.com,+234755694914
688,Kelechi Okeke Trading Co,"276 Allen Avenue, Lagos",kelechi.okeke188@mail.com,+234739903762
689,Yakubu Okafor Ventures,"204 Ahmadu Bello Way, Kaduna",yakubu.okafor189@mail.com,+234721339101
690,Ibrahim Ojo Trading Co,"118 Broad Street, Enugu",ibrahim.ojo190@mail.com,+234746357389
691,Yakubu Akinyemi General Merchants,"110 Broad Street, Kaduna",yakubu.akinyemi191@mail.com,+234759795411
692,Chukwuemeka Balogun Trading Co,"37 Awolowo Road, Ibadan",chukwuemeka.balogun192@mail.com,+234708064138
693,Bola Ojo Stores,"111 Broad Street, Lagos",bola.ojo193@mail.com,+234708050838
694,Adebayo Ibrahim Stores,"294 Awolowo Road, Enugu",adebayo.ibrahim194@mail.com,+234790398102
695,Femi Usman Distribution Ltd,"215 Awolowo Road, Kano",femi.usman195@mail.com,+234736244247
696,Suleiman Mohammed Enterprises,"150 Lagos Island Road, Lagos",suleiman.mohammed196@mail.com,+234790570644
697,Chinedu Bello Global Ventures,"136 Ahmadu Bello Way, Lagos",chinedu.bello197@mail.com,+234751464952
698,Femi Danladi Distribution Ltd,"296 Lagos Island Road, Kaduna",femi.danladi198@mail.com,+234724716099
699,Oluwaseun Akinyemi Stores,"123 Ahmadu Bello Way, Port Harcourt",oluwaseun.akinyemi199@mail.com,+234745337093
700,Chinedu Bello Supermarket,"33 Lagos Island Road, Lagos",chinedu.bello200@mail.com,+234705935732
701,Suleiman Mohammed Supermarket,"179 Broad Street, Ibadan",suleiman.mohammed201@mail.com,+234800019292
702,Emeka Ademola General Merchants,"290 Broad Street, Lagos",emeka.ademola202@mail.com,+234730927585
703,Oluwaseun Bello Trading Co,"278 Allen Avenue, Abuja",oluwaseun.bello203@mail.com,+234717285671
704,Emeka Nwankwo Distribution Ltd,"124 Awolowo Road, Kaduna",emeka.nwankwo204@mail.com,+234734355813
705,Kelechi Mohammed Enterprises,"130 Lagos Island Road, Abuja",kelechi.mohammed205@mail.com,+234706686533
706,Bola Okafor Global Ventures,"202 Broad Street, Kaduna",bola.okafor206@mail.com,+234775701093
707,Chinedu Obi General Merchants,"287 Allen Avenue, Ibadan",chinedu.obi207@mail.com,+234808301900
708,Kelechi Balogun Retailers,"22 Ikorodu Road, Lagos",kelechi.balogun208@mail.com,+234751173908
709,Kelechi Ademola Stores,"16 Broad Street, Port Harcourt",kelechi.ademola209@mail.com,+234717953702
710,Suleiman Ojo Retailers,"85 Awolowo Road, Lagos",suleiman.ojo210@mail.com,+234721671271
711,Bola Balogun Enterprises,"100 Herbert Macaulay Way, Abuja",bola.balogun211@mail.com,+234783564000
712,Kelechi Okeke Stores,"252 Awolowo Road, Abuja",kelechi.okeke212@mail.com,+234722911743
713,Chinedu Mohammed Retailers,"205 Herbert Macaulay Way, Abuja",chinedu.mohammed213@mail.com,+234777146974
714,Suleiman Okeke Retailers,"48 Lagos Island Road, Kano",suleiman.okeke214@mail.com,+234795397822
715,Adebayo Usman Supermarket,"18 Ahmadu Bello Way, Kaduna",adebayo.usman215@mail.com,+234706823303
716,Adebayo Obi Distribution Ltd,"271 Allen Avenue, Abuja",adebayo.obi216@mail.com,+234728951049
717,Suleiman Akinyemi Retailers,"111 Ahmadu Bello Way, Port Harcourt",suleiman.akinyemi217@mail.com,+234766273828
718,Yakubu Balogun Ventures,"204 Awolowo Road, Lagos",yakubu.balogun218@mail.com,+234803393593
719,Chinedu Okeke Global Ventures,"13 Allen Avenue, Lagos",chinedu.okeke219@mail.com,+234769130832
720,Abubakar Ademola Trading Co,"124 Broad Street, Enugu",abubakar.ademola220@mail.com,+234737597992
721,Femi Danladi Distribution Ltd,"269 Herbert Macaulay Way, Kano",femi.danladi221@mail.com,+234725319779
722,Uche Obi Enterprises,"163 Ahmadu Bello Way, Kaduna",uche.obi222@mail.com,+234809053314
723,Chukwuemeka Ademola Retailers,"147 Broad Street, Abuja",chukwuemeka.ademola223@mail.com,+234808312697
724,Kelechi Eze Stores,"151 Ahmadu Bello Way, Ibadan",kelechi.eze224@mail.com,+234795279024
725,Emeka Ibrahim Retailers,"164 Awolowo Road, Port Harcourt",emeka.ibrahim225@mail.com,+234802860837
726,Chukwuemeka Mohammed General Merchants,"178 Awolowo Road, Kaduna",chukwuemeka.mohammed226@mail.com,+234756192931
727,Oluwaseun Akinyemi Stores,"245 Lagos Island Road, Abuja",oluwaseun.akinyemi227@mail.com,+234769143832
728,Bola Nwankwo Ventures,"213 Awolowo Road, Port Harcourt",bola.nwankwo228@mail.com,+234794994864
729,Suleiman Balogun Retailers,"252 Herbert Macaulay Way, Enugu",suleiman.balogun229@mail.com,+234742300304
730,Chukwuemeka Balogun Retailers,"3 Broad Street, Enugu",chukwuemeka.balogun230@mail.com,+234772244348
731,Chinedu Bello Distribution Ltd,"120 Awolowo Road, Abuja",chinedu.bello231@mail.com,+234725301693
732,Kelechi Eze Distribution Ltd,"207 Ahmadu Bello Way, Lagos",kelechi.eze232@mail.com,+234793521186
733,Abubakar Akinyemi Supermarket,"103 Herbert Macaulay Way, Lagos",abubakar.akinyemi233@mail.com,+234728214216
734,Yakubu Bello Distribution Ltd,"290 Awolowo Road, Port Harcourt",yakubu.bello234@mail.com,+234746073628
735,Uche Ibrahim Ventures,"171 Ahmadu Bello Way, Abuja",uche.ibrahim235@mail.com,+234795563913
736,Kelechi Danladi General Merchants,"218 Ikorodu Road, Port Harcourt",kelechi.danladi236@mail.com,+234787509913
737,Emeka Akinyemi General Merchants,"13 Lagos Island Road, Enugu",emeka.akinyemi237@mail.com,+234765222449
738,Bola Balogun Retailers,"168 Awolowo Road, Ibadan",bola.balogun238@mail.com,+234753177497
739,Suleiman Mohammed Retailers,"27 Broad Street, Enugu",suleiman.mohammed239@mail.com,+234713013873
740,Emeka Obi Distribution Ltd,"106 Lagos Island Road, Kaduna",emeka.obi240@mail.com,+234716464648
741,Chinedu Akinyemi Enterprises,"95 Ikorodu Road, Ibadan",chinedu.akinyemi241@mail.com,+234731654208
742,Bola Okeke Retailers,"25 Broad Street, Ibadan",bola.okeke242@mail.com,+234766075719
743,Uche Okeke Global Ventures,"211 Ikorodu Road, Kaduna",uche.okeke243@mail.com,+234715452423
744,Uche Usman Retailers,"55 Broad Street, Kano",uche.usman244@mail.com,+234721208755
745,Yakubu Danladi Enterprises,"67 Broad Street, Kaduna",yakubu.danladi245@mail.com,+234781684823
746,Abubakar Danladi Global Ventures,"294 Ahmadu Bello Way, Enugu",abubakar.danladi246@mail.com,+234727218702
747,Tunde Akinyemi General Merchants,"267 Broad Street, Lagos",tunde.akinyemi247@mail.com,+234701235704
748,Yakubu Obi Distribution Ltd,"259 Ikorodu Road, Abuja",yakubu.obi248@mail.com,+234727866139
749,Abubakar Okafor Enterprises,"179 Allen Avenue, Kano",abubakar.okafor249@mail.com,+234755902279
750,Yakubu Ibrahim Distribution Ltd,"284 Herbert Macaulay Way, Kaduna",yakubu.ibrahim250@mail.com,+234747616994
751,Uche Nwankwo Global Ventures,"194 Lagos Island Road, Kaduna",uche.nwankwo251@mail.com,+234766831867
752,Uche Akinyemi Supermarket,"178 Lagos Island Road, Enugu",uche.akinyemi252@mail.com,+234757569684
753,Chinedu Akinyemi Distribution Ltd,"70 Awolowo Road, Kano",chinedu.akinyemi253@mail.com,+234788158781
754,Suleiman Bello Global Ventures,"127 Ikorodu Road, Kaduna",suleiman.bello254@mail.com,+234723565933
755,Adebayo Mohammed Ventures,"282 Allen Avenue, Ibadan",adebayo.mohammed255@mail.com,+234766544161
756,Yakubu Ojo Supermarket,"293 Ikorodu Road, Enugu",yakubu.ojo256@mail.com,+234794027109
757,Adebayo Okafor Retailers,"294 Ikorodu Road, Kano",adebayo.okafor257@mail.com,+234746272503
758,Kelechi Obi Trading Co,"136 Ahmadu Bello Way, Kaduna",kelechi.obi258@mail.com,+234710716353
759,Adebayo Usman Distribution Ltd,"273 Lagos Island Road, Kano",adebayo.usman259@mail.com,+234754864052
760,Chinedu Usman Distribution Ltd,"169 Allen Avenue, Lagos",chinedu.usman260@mail.com,+234733723276
761,Suleiman Eze Trading Co,"35 Lagos Island Road, Port Harcourt",suleiman.eze261@mail.com,+234722191442
762,Chinedu Okafor Stores,"115 Ahmadu Bello Way, Ibadan",chinedu.okafor262@mail.com,+234750417086
763,Abubakar Usman Retailers,"246 Ahmadu Bello Way, Kano",abubakar.usman263@mail.com,+234763085161
764,Ibrahim Ojo Ventures,"18 Ahmadu Bello Way, Abuja",ibrahim.ojo264@mail.com,+234719193473
765,Emeka Ademola Trading Co,"284 Lagos Island Road, Enugu",emeka.ademola265@mail.com,+234762789567
766,Emeka Eze Trading Co,"197 Allen Avenue, Lagos",emeka.eze266@mail.com,+234783656233
767,Abubakar Bello Enterprises,"41 Lagos Island Road, Abuja",abubakar.bello267@mail.com,+234771702227
768,Abubakar Balogun General Merchants,"131 Awolowo Road, Lagos",abubakar.balogun268@mail.com,+234709114557
769,Ibrahim Okafor Global Ventures,"166 Allen Avenue, Lagos",ibrahim.okafor269@mail.com,+234721872764
770,Femi Ibrahim Retailers,"119 Lagos Island Road, Enugu",femi.ibrahim270@mail.com,+234741776578
771,Adebayo Bello Trading Co,"190 Herbert Macaulay Way, Ibadan",adebayo.bello271@mail.com,+234716347716
772,Adebayo Ademola Distribution Ltd,"46 Ahmadu Bello Way, Kano",adebayo.ademola272@mail.com,+234740636970
773,Adebayo Bello Ventures,"70 Ikorodu Road, Enugu",adebayo.bello273@mail.com,+234711907648
774,Chukwuemeka Okeke Distribution Ltd,"135 Lagos Island Road, Kano",chukwuemeka.okeke274@mail.com,+234744291886
775,Bola Obi General Merchants,"27 Ikorodu Road, Abuja",bola.obi275@mail.com,+234707341222
776,Yakubu Nwankwo Ventures,"106 Lagos Island Road, Enugu",yakubu.nwankwo276@mail.com,+234716400636
777,Femi Mohammed Stores,"162 Allen Avenue, Port Harcourt",femi.mohammed277@mail.com,+234778025825
778,Tunde Ojo Global Ventures,"219 Lagos Island Road, Ibadan",tunde.ojo278@mail.com,+234802079400
779,Suleiman Okafor Distribution Ltd,"226 Herbert Macaulay Way, Port Harcourt",suleiman.okafor279@mail.com,+234755016726
780,Ibrahim Danladi Enterprises,"138 Ikorodu Road, Port Harcourt",ibrahim.danladi280@mail.com,+234774968877
781,Emeka Balogun Global Ventures,"144 Awolowo Road, Kaduna",emeka.balogun281@mail.com,+234750396447
782,Chinedu Usman Distribution Ltd,"117 Awolowo Road, Lagos",chinedu.usman282@mail.com,+234806280995
783,Emeka Danladi Global Ventures,"6 Broad Street, Lagos",emeka.danladi283@mail.com,+234721597644
784,Adebayo Mohammed General Merchants,"244 Ikorodu Road, Lagos",adebayo.mohammed284@mail.com,+234708197526
785,Femi Ojo Trading Co,"196 Allen Avenue, Port Harcourt",femi.ojo285@mail.com,+234743094909
786,Bola Balogun Supermarket,"293 Allen Avenue, Port Harcourt",bola.balogun286@mail.com,+234731291869
787,Chukwuemeka Bello Retailers,"33 Ikorodu Road, Lagos",chukwuemeka.bello287@mail.com,+234732160065
788,Bola Obi Supermarket,"267 Ikorodu Road, Abuja",bola.obi288@mail.com,+234753011042
789,Chukwuemeka Nwankwo Trading Co,"19 Ikorodu Road, Kano",chukwuemeka.nwankwo289@mail.com,+234716660636
790,Chinedu Mohammed Distribution Ltd,"165 Ahmadu Bello Way, Enugu",chinedu.mohammed290@mail.com,+234720221737
791,Oluwaseun Ojo Enterprises,"233 Broad Street, Enugu",oluwaseun.ojo291@mail.com,+234799254727
792,Emeka Akinyemi Global Ventures,"207 Lagos Island Road, Ibadan",emeka.akinyemi292@mail.com,+234750890241
793,Chinedu Akinyemi Trading Co,"172 Broad Street, Lagos",chinedu.akinyemi293@mail.com,+234758118500
794,Adebayo Bello Trading Co,"284 Lagos Island Road, Ibadan",adebayo.bello294@mail.com,+234754918019
795,Chinedu Okafor Trading Co,"11 Broad Street, Enugu",chinedu.okafor295@mail.com,+234738903739
796,Tunde Balogun Supermarket,"140 Lagos Island Road, Enugu",tunde.balogun296@mail.com,+234795771896
797,Abubakar Mohammed Retailers,"47 Ikorodu Road, Kaduna",abubakar.mohammed297@mail.com,+234741479283
798,Kelechi Ibrahim General Merchants,"6 Herbert Macaulay Way, Port Harcourt",kelechi.ibrahim298@mail.com,+234802308955
799,Chukwuemeka Nwankwo Supermarket,"284 Herbert Macaulay Way, Ibadan",chukwuemeka.nwankwo299@mail.com,+234710128760
800,Suleiman Okafor Global Ventures,"209 Broad Street, Kano",suleiman.okafor300@mail.com,+234744336852
801,Bola Akinyemi Enterprises,"133 Ahmadu Bello Way, Kaduna",bola.akinyemi301@mail.com,+234798844928
802,Emeka Okafor Global Ventures,"191 Ahmadu Bello Way, Lagos",emeka.okafor302@mail.com,+234776033623
803,Kelechi Ademola Stores,"1 Broad Street, Port Harcourt",kelechi.ademola303@mail.com,+234772371027
804,Emeka Obi Retailers,"172 Lagos Island Road, Ibadan",emeka.obi304@mail.com,+234793239326
805,Uche Eze Ventures,"75 Herbert Macaulay Way, Kaduna",uche.eze305@mail.com,+234777539027
806,Bola Ojo Supermarket,"51 Herbert Macaulay Way, Ibadan",bola.ojo306@mail.com,+234733796268
807,Adebayo Bello Global Ventures,"294 Ikorodu Road, Abuja",adebayo.bello307@mail.com,+234785363358
808,Ibrahim Usman Trading Co,"126 Ahmadu Bello Way, Lagos",ibrahim.usman308@mail.com,+234745729322
809,Ibrahim Eze Enterprises,"56 Ahmadu Bello Way, Ibadan",ibrahim.eze309@mail.com,+234772337836
810,Chinedu Obi Retailers,"23 Broad Street, Port Harcourt",chinedu.obi310@mail.com,+234780536761
811,Suleiman Danladi Retailers,"6 Awolowo Road, Kaduna",suleiman.danladi311@mail.com,+234755038411
812,Kelechi Ibrahim Ventures,"7 Ikorodu Road, Abuja",kelechi.ibrahim312@mail.com,+234711473072
813,Chukwuemeka Mohammed Distribution Ltd,"269 Lagos Island Road, Ibadan",chukwuemeka.mohammed313@mail.com,+234701659555
814,Uche Usman Trading Co,"115 Herbert Macaulay Way, Ibadan",uche.usman314@mail.com,+234748774186
815,Kelechi Obi Enterprises,"62 Lagos Island Road, Enugu",kelechi.obi315@mail.com,+234782139513
816,Chinedu Bello Ventures,"163 Herbert Macaulay Way, Kaduna",chinedu.bello316@mail.com,+234739628422
817,Ibrahim Nwankwo Global Ventures,"54 Ahmadu Bello Way, Enugu",ibrahim.nwankwo317@mail.com,+234703790603
818,Ibrahim Eze Stores,"96 Ikorodu Road, Kaduna",ibrahim.eze318@mail.com,+234749374222
819,Oluwaseun Bello General Merchants,"101 Allen Avenue, Port Harcourt",oluwaseun.bello319@mail.com,+234728017358
820,Tunde Nwankwo Distribution Ltd,"137 Awolowo Road, Ibadan",tunde.nwankwo320@mail.com,+234726303406
821,Femi Okeke Supermarket,"99 Lagos Island Road, Kaduna",femi.okeke321@mail.com,+234766956957
822,Ibrahim Danladi Retailers,"228 Awolowo Road, Ibadan",ibrahim.danladi322@mail.com,+234707206973
823,Chukwuemeka Okeke Ventures,"28 Lagos Island Road, Kaduna",chukwuemeka.okeke323@mail.com,+234702852012
824,Uche Okeke Stores,"197 Broad Street, Enugu",uche.okeke324@mail.com,+234790419268
825,Oluwaseun Akinyemi General Merchants,"206 Awolowo Road, Kano",oluwaseun.akinyemi325@mail.com,+234730870137
826,Adebayo Nwankwo General Merchants,"189 Ahmadu Bello Way, Port Harcourt",adebayo.nwankwo326@mail.com,+234706684438
827,Yakubu Ibrahim Supermarket,"234 Ahmadu Bello Way, Kano",yakubu.ibrahim327@mail.com,+234778969676
828,Suleiman Usman Global Ventures,"133 Broad Street, Abuja",suleiman.usman328@mail.com,+234752512490
829,Uche Okeke Global Ventures,"27 Broad Street, Kano",uche.okeke329@mail.com,+234747249109
830,Chukwuemeka Akinyemi Supermarket,"95 Herbert Macaulay Way, Port Harcourt",chukwuemeka.akinyemi330@mail.com,+234780628075
831,Oluwaseun Mohammed Retailers,"57 Ahmadu Bello Way, Abuja",oluwaseun.mohammed331@mail.com,+234722090577
832,Yakubu Ademola Global Ventures,"256 Allen Avenue, Kano",yakubu.ademola332@mail.com,+234802772080
833,Abubakar Ibrahim Supermarket,"81 Ahmadu Bello Way, Abuja",abubakar.ibrahim333@mail.com,+234762862139
834,Kelechi Usman Global Ventures,"214 Ikorodu Road, Enugu",kelechi.usman334@mail.com,+234799576761
835,Chukwuemeka Akinyemi Trading Co,"212 Allen Avenue, Kano",chukwuemeka.akinyemi335@mail.com,+234784526605
836,Oluwaseun Obi Retailers,"226 Broad Street, Kaduna",oluwaseun.obi336@mail.com,+234803626929
837,Ibrahim Ojo General Merchants,"239 Herbert Macaulay Way, Kaduna",ibrahim.ojo337@mail.com,+234740229200
838,Bola Ojo Retailers,"125 Awolowo Road, Ibadan",bola.ojo338@mail.com,+234728853842
839,Abubakar Akinyemi Distribution Ltd,"246 Lagos Island Road, Port Harcourt",abubakar.akinyemi339@mail.com,+234709963324
840,Tunde Nwankwo Stores,"129 Ahmadu Bello Way, Kaduna",tunde.nwankwo340@mail.com,+234801659957
841,Oluwaseun Akinyemi General Merchants,"156 Lagos Island Road, Ibadan",oluwaseun.akinyemi341@mail.com,+234760628951
842,Ibrahim Balogun Trading Co,"106 Ikorodu Road, Ibadan",ibrahim.balogun342@mail.com,+234732022462
843,Oluwaseun Okeke Stores,"201 Broad Street, Enugu",oluwaseun.okeke343@mail.com,+234728928076
844,Abubakar Akinyemi Retailers,"233 Herbert Macaulay Way, Lagos",abubakar.akinyemi344@mail.com,+234766664502
845,Yakubu Obi Enterprises,"229 Broad Street, Abuja",yakubu.obi345@mail.com,+234725210409
846,Abubakar Nwankwo Supermarket,"243 Allen Avenue, Abuja",abubakar.nwankwo346@mail.com,+234722093346
847,Emeka Bello Stores,"125 Herbert Macaulay Way, Ibadan",emeka.bello347@mail.com,+234796561340
848,Ibrahim Okafor Retailers,"141 Broad Street, Enugu",ibrahim.okafor348@mail.com,+234786704102
849,Chinedu Bello Retailers,"130 Herbert Macaulay Way, Ibadan",chinedu.bello349@mail.com,+234756245910
850,Kelechi Bello Stores,"199 Awolowo Road, Enugu",kelechi.bello350@mail.com,+234807289646
851,Femi Obi Distribution Ltd,"123 Allen Avenue, Abuja",femi.obi351@mail.com,+234777454071
852,Ibrahim Ojo Global Ventures,"281 Lagos Island Road, Kano",ibrahim.ojo352@mail.com,+234782768749
853,Uche Bello Global Ventures,"296 Ikorodu Road, Lagos",uche.bello353@mail.com,+234704423251
854,Tunde Okafor Ventures,"142 Allen Avenue, Kaduna",tunde.okafor354@mail.com,+234746753255
855,Femi Bello Trading Co,"13 Broad Street, Port Harcourt",femi.bello355@mail.com,+234724741030
856,Tunde Danladi Trading Co,"299 Ahmadu Bello Way, Port Harcourt",tunde.danladi356@mail.com,+234770527735
857,Femi Usman General Merchants,"19 Allen Avenue, Port Harcourt",femi.usman357@mail.com,+234771068231
858,Chukwuemeka Okafor Stores,"55 Herbert Macaulay Way, Kano",chukwuemeka.okafor358@mail.com,+234808682928
859,Uche Usman General Merchants,"25 Herbert Macaulay Way, Abuja",uche.usman359@mail.com,+234722289374
860,Chukwuemeka Bello Ventures,"135 Lagos Island Road, Lagos",chukwuemeka.bello360@mail.com,+234774639176
861,Bola Eze Enterprises,"195 Awolowo Road, Abuja",bola.eze361@mail.com,+234719223717
862,Yakubu Okafor Global Ventures,"141 Lagos Island Road, Port Harcourt",yakubu.okafor362@mail.com,+234711565508
863,Femi Bello Supermarket,"56 Lagos Island Road, Port Harcourt",femi.bello363@mail.com,+234709627264
864,Bola Danladi Trading Co,"253 Lagos Island Road, Enugu",bola.danladi364@mail.com,+234755871859
865,Femi Ojo Ventures,"231 Herbert Macaulay Way, Lagos",femi.ojo365@mail.com,+234792722296
866,Kelechi Akinyemi Retailers,"267 Awolowo Road, Enugu",kelechi.akinyemi366@mail.com,+234790849041
867,Suleiman Ibrahim Enterprises,"200 Lagos Island Road, Enugu",suleiman.ibrahim367@mail.com,+234731447031
868,Adebayo Usman Ventures,"29 Ahmadu Bello Way, Abuja",adebayo.usman368@mail.com,+234727511115
869,Suleiman Usman Distribution Ltd,"104 Awolowo Road, Port Harcourt",suleiman.usman369@mail.com,+234801907588
870,Yakubu Usman Ventures,"105 Allen Avenue, Abuja",yakubu.usman370@mail.com,+234807725695
871,Kelechi Mohammed Distribution Ltd,"237 Herbert Macaulay Way, Ibadan",kelechi.mohammed371@mail.com,+234781987110
872,Chinedu Eze Distribution Ltd,"223 Allen Avenue, Kano",chinedu.eze372@mail.com,+234758010359
873,Chinedu Ibrahim Supermarket,"169 Awolowo Road, Lagos",chinedu.ibrahim373@mail.com,+234713344538
874,Emeka Bello Distribution Ltd,"212 Ahmadu Bello Way, Abuja",emeka.bello374@mail.com,+234722821358
875,Adebayo Okeke Trading Co,"96 Ikorodu Road, Ibadan",adebayo.okeke375@mail.com,+234723582303
876,Bola Okeke Enterprises,"187 Ikorodu Road, Port Harcourt",bola.okeke376@mail.com,+234753240767
877,Uche Ojo Enterprises,"211 Herbert Macaulay Way, Kaduna",uche.ojo377@mail.com,+234783151148
878,Uche Usman Global Ventures,"206 Ikorodu Road, Ibadan",uche.usman378@mail.com,+234809656605
879,Oluwaseun Ibrahim General Merchants,"264 Lagos Island Road, Enugu",oluwaseun.ibrahim379@mail.com,+234718837124
880,Suleiman Ojo General Merchants,"14 Ahmadu Bello Way, Port Harcourt",suleiman.ojo380@mail.com,+234714555858
881,Ibrahim Okafor Global Ventures,"124 Ahmadu Bello Way, Kano",ibrahim.okafor381@mail.com,+234741952150
882,Emeka Okeke Supermarket,"44 Ikorodu Road, Lagos",emeka.okeke382@mail.com,+234746020408
883,Uche Ibrahim Supermarket,"67 Herbert Macaulay Way, Ibadan",uche.ibrahim383@mail.com,+234702603520
884,Kelechi Danladi Supermarket,"105 Ahmadu Bello Way, Kano",kelechi.danladi384@mail.com,+234750215353
885,Chukwuemeka Ademola Stores,"183 Ahmadu Bello Way, Port Harcourt",chukwuemeka.ademola385@mail.com,+234746756334
886,Abubakar Obi Trading Co,"270 Ikorodu Road, Port Harcourt",abubakar.obi386@mail.com,+234710122674
887,Bola Bello Ventures,"27 Allen Avenue, Kano",bola.bello387@mail.com,+234786458219
888,Kelechi Ademola Ventures,"26 Allen Avenue, Kaduna",kelechi.ademola388@mail.com,+234757769435
889,Tunde Akinyemi Enterprises,"133 Ikorodu Road, Enugu",tunde.akinyemi389@mail.com,+234771824625
890,Chinedu Mohammed Trading Co,"130 Lagos Island Road, Port Harcourt",chinedu.mohammed390@mail.com,+234703231801
891,Yakubu Obi Global Ventures,"240 Ikorodu Road, Kaduna",yakubu.obi391@mail.com,+234767204684
892,Oluwaseun Danladi Supermarket,"168 Lagos Island Road, Lagos",oluwaseun.danladi392@mail.com,+234706163190
893,Oluwaseun Danladi General Merchants,"103 Ikorodu Road, Abuja",oluwaseun.danladi393@mail.com,+234709996807
894,Kelechi Okafor Retailers,"55 Lagos Island Road, Kano",kelechi.okafor394@mail.com,+234722566617
895,Chukwuemeka Obi Ventures,"153 Ahmadu Bello Way, Ibadan",chukwuemeka.obi395@mail.com,+234752207097
896,Ibrahim Okeke Stores,"141 Allen Avenue, Abuja",ibrahim.okeke396@mail.com,+234777813677
897,Kelechi Eze Supermarket,"84 Allen Avenue, Kaduna",kelechi.eze397@mail.com,+234723859829
898,Suleiman Okeke Enterprises,"237 Allen Avenue, Kaduna",suleiman.okeke398@mail.com,+234760160959
899,Ibrahim Mohammed Trading Co,"103 Allen Avenue, Port Harcourt",ibrahim.mohammed399@mail.com,+234748686665
900,Oluwaseun Eze Retailers,"112 Herbert Macaulay Way, Kano",oluwaseun.eze400@mail.com,+234759748800
901,Chinedu Ademola Enterprises,"165 Ahmadu Bello Way, Enugu",chinedu.ademola401@mail.com,+234741893775
902,Kelechi Balogun Global Ventures,"57 Herbert Macaulay Way, Enugu",kelechi.balogun402@mail.com,+234716931755
903,Adebayo Mohammed General Merchants,"291 Allen Avenue, Enugu",adebayo.mohammed403@mail.com,+234745910209
904,Yakubu Okafor Retailers,"74 Awolowo Road, Lagos",yakubu.okafor404@mail.com,+234794053363
905,Oluwaseun Ojo Trading Co,"182 Ahmadu Bello Way, Kano",oluwaseun.ojo405@mail.com,+234797306209
906,Uche Bello Supermarket,"55 Allen Avenue, Ibadan",uche.bello406@mail.com,+234787577849
907,Bola Mohammed Enterprises,"227 Ahmadu Bello Way, Enugu",bola.mohammed407@mail.com,+234760627463
908,Adebayo Usman Global Ventures,"207 Broad Street, Lagos",adebayo.usman408@mail.com,+234798955297
909,Femi Eze Stores,"67 Broad Street, Lagos",femi.eze409@mail.com,+234700276848
910,Femi Okeke Distribution Ltd,"103 Broad Street, Kaduna",femi.okeke410@mail.com,+234761859367
911,Chinedu Obi Trading Co,"11 Broad Street, Abuja",chinedu.obi411@mail.com,+234752825938
912,Chinedu Obi Global Ventures,"6 Herbert Macaulay Way, Kano",chinedu.obi412@mail.com,+234768753456
913,Tunde Ademola Trading Co,"77 Herbert Macaulay Way, Kano",tunde.ademola413@mail.com,+234748437622
914,Tunde Ojo Stores,"187 Ahmadu Bello Way, Kano",tunde.ojo414@mail.com,+234710824869
915,Abubakar Eze General Merchants,"111 Lagos Island Road, Port Harcourt",abubakar.eze415@mail.com,+234728695885
916,Femi Mohammed Global Ventures,"113 Allen Avenue, Abuja",femi.mohammed416@mail.com,+234803047588
917,Chinedu Ojo Enterprises,"8 Herbert Macaulay Way, Lagos",chinedu.ojo417@mail.com,+234750856776
918,Ibrahim Okafor General Merchants,"159 Ahmadu Bello Way, Port Harcourt",ibrahim.okafor418@mail.com,+234771917120
919,Emeka Akinyemi Stores,"113 Awolowo Road, Kano",emeka.akinyemi419@mail.com,+234711189703
920,Chinedu Ojo Distribution Ltd,"159 Ikorodu Road, Port Harcourt",chinedu.ojo420@mail.com,+234727660492
921,Uche Balogun Trading Co,"200 Awolowo Road, Kaduna",uche.balogun421@mail.com,+234797801017
922,Tunde Usman Distribution Ltd,"99 Lagos Island Road, Kaduna",tunde.usman422@mail.com,+234763979666
923,Bola Eze Distribution Ltd,"180 Herbert Macaulay Way, Lagos",bola.eze423@mail.com,+234741532364
924,Oluwaseun Eze General Merchants,"211 Herbert Macaulay Way, Lagos",oluwaseun.eze424@mail.com,+234778847230
925,Suleiman Danladi Trading Co,"117 Herbert Macaulay Way, Enugu",suleiman.danladi425@mail.com,+234729614977
926,Yakubu Okafor Trading Co,"210 Broad Street, Ibadan",yakubu.okafor426@mail.com,+234745972033
927,Yakubu Balogun General Merchants,"20 Allen Avenue, Ibadan",yakubu.balogun427@mail.com,+234719623033
928,Adebayo Danladi Trading Co,"119 Broad Street, Kano",adebayo.danladi428@mail.com,+234774195105
929,Yakubu Okeke Trading Co,"164 Ikorodu Road, Kaduna",yakubu.okeke429@mail.com,+234743801918
930,Abubakar Obi Supermarket,"90 Awolowo Road, Lagos",abubakar.obi430@mail.com,+234743532498
931,Adebayo Okeke Ventures,"117 Awolowo Road, Enugu",adebayo.okeke431@mail.com,+234725556260
932,Adebayo Balogun Ventures,"43 Ahmadu Bello Way, Enugu",adebayo.balogun432@mail.com,+234759614548
933,Tunde Akinyemi Stores,"222 Ikorodu Road, Enugu",tunde.akinyemi433@mail.com,+234756716869
934,Chinedu Usman Stores,"105 Lagos Island Road, Lagos",chinedu.usman434@mail.com,+234738511540
935,Ibrahim Akinyemi Supermarket,"108 Herbert Macaulay Way, Abuja",ibrahim.akinyemi435@mail.com,+234793308402
936,Femi Okafor Enterprises,"228 Ahmadu Bello Way, Lagos",femi.okafor436@mail.com,+234730330515
937,Chinedu Ojo Supermarket,"172 Herbert Macaulay Way, Abuja",chinedu.ojo437@mail.com,+234800815854
938,Kelechi Okeke Enterprises,"77 Broad Street, Lagos",kelechi.okeke438@mail.com,+234733944317
939,Oluwaseun Bello Distribution Ltd,"48 Ikorodu Road, Abuja",oluwaseun.bello439@mail.com,+234759116488
940,Femi Usman Global Ventures,"144 Allen Avenue, Ibadan",femi.usman440@mail.com,+234749668931
941,Femi Nwankwo Distribution Ltd,"153 Lagos Island Road, Kaduna",femi.nwankwo441@mail.com,+234802855434
942,Ibrahim Akinyemi Ventures,"288 Ikorodu Road, Enugu",ibrahim.akinyemi442@mail.com,+234798859861
943,Kelechi Ibrahim Stores,"190 Lagos Island Road, Port Harcourt",kelechi.ibrahim443@mail.com,+234796044099
944,Uche Bello Trading Co,"206 Broad Street, Ibadan",uche.bello444@mail.com,+234798119326
945,Abubakar Mohammed Retailers,"235 Lagos Island Road, Ibadan",abubakar.mohammed445@mail.com,+234781236281
946,Adebayo Okafor Global Ventures,"236 Ahmadu Bello Way, Port Harcourt",adebayo.okafor446@mail.com,+234750472377
947,Bola Mohammed Global Ventures,"47 Ahmadu Bello Way, Abuja",bola.mohammed447@mail.com,+234805375539
948,Chukwuemeka Akinyemi Supermarket,"199 Lagos Island Road, Lagos",chukwuemeka.akinyemi448@mail.com,+234792239485
949,Bola Danladi General Merchants,"9 Ikorodu Road, Ibadan",bola.danladi449@mail.com,+234709453598
950,Kelechi Balogun Trading Co,"93 Ikorodu Road, Abuja",kelechi.balogun450@mail.com,+234782832221
951,Chinedu Mohammed Global Ventures,"77 Ikorodu Road, Kano",chinedu.mohammed451@mail.com,+234753337120
952,Chukwuemeka Obi Enterprises,"232 Ikorodu Road, Port Harcourt",chukwuemeka.obi452@mail.com,+234742875524
953,Bola Obi Distribution Ltd,"217 Broad Street, Ibadan",bola.obi453@mail.com,+234734865718
954,Ibrahim Nwankwo Trading Co,"196 Ikorodu Road, Kaduna",ibrahim.nwankwo454@mail.com,+234734233662
955,Uche Bello Trading Co,"176 Ahmadu Bello Way, Enugu",uche.bello455@mail.com,+234758490950
956,Abubakar Danladi Trading Co,"176 Allen Avenue, Kaduna",abubakar.danladi456@mail.com,+234701805503
957,Oluwaseun Danladi Ventures,"212 Lagos Island Road, Kano",oluwaseun.danladi457@mail.com,+234783564228
958,Tunde Danladi Trading Co,"125 Allen Avenue, Enugu",tunde.danladi458@mail.com,+234717597221
959,Kelechi Ademola Distribution Ltd,"237 Ikorodu Road, Kaduna",kelechi.ademola459@mail.com,+234774342191
960,Uche Nwankwo Retailers,"228 Ahmadu Bello Way, Abuja",uche.nwankwo460@mail.com,+234788296721
961,Emeka Ademola Distribution Ltd,"19 Herbert Macaulay Way, Kaduna",emeka.ademola461@mail.com,+234773500671
962,Kelechi Nwankwo Distribution Ltd,"238 Ikorodu Road, Lagos",kelechi.nwankwo462@mail.com,+234793068071
963,Kelechi Obi Distribution Ltd,"124 Awolowo Road, Ibadan",kelechi.obi463@mail.com,+234775385348
964,Chinedu Danladi Trading Co,"226 Awolowo Road, Enugu",chinedu.danladi464@mail.com,+234750167709
965,Suleiman Obi Global Ventures,"261 Allen Avenue, Ibadan",suleiman.obi465@mail.com,+234797927215
966,Abubakar Okeke Trading Co,"9 Awolowo Road, Kaduna",abubakar.okeke466@mail.com,+234770094107
967,Ibrahim Bello Trading Co,"120 Awolowo Road, Ibadan",ibrahim.bello467@mail.com,+234787251046
968,Tunde Okeke Trading Co,"69 Ikorodu Road, Kano",tunde.okeke468@mail.com,+234768318817
969,Adebayo Danladi Stores,"149 Ikorodu Road, Kaduna",adebayo.danladi469@mail.com,+234745283130
970,Oluwaseun Ojo Retailers,"287 Awolowo Road, Lagos",oluwaseun.ojo470@mail.com,+234809972660
971,Bola Danladi Stores,"63 Broad Street, Kaduna",bola.danladi471@mail.com,+234782773483
972,Suleiman Balogun Enterprises,"87 Awolowo Road, Enugu",suleiman.balogun472@mail.com,+234791292117
973,Chukwuemeka Akinyemi Stores,"128 Lagos Island Road, Kaduna",chukwuemeka.akinyemi473@mail.com,+234796599458
974,Chinedu Obi Supermarket,"201 Awolowo Road, Kano",chinedu.obi474@mail.com,+234744569681
975,Chukwuemeka Ojo Trading Co,"281 Ikorodu Road, Port Harcourt",chukwuemeka.ojo475@mail.com,+234708250196
976,Yakubu Mohammed Retailers,"210 Lagos Island Road, Kano",yakubu.mohammed476@mail.com,+234760169832
977,Bola Obi Supermarket,"11 Herbert Macaulay Way, Abuja",bola.obi477@mail.com,+234798859433
978,Uche Balogun Distribution Ltd,"95 Lagos Island Road, Port Harcourt",uche.balogun478@mail.com,+234747600240
979,Tunde Okafor Supermarket,"67 Ahmadu Bello Way, Abuja",tunde.okafor479@mail.com,+234731080544
980,Ibrahim Eze Global Ventures,"72 Allen Avenue, Enugu",ibrahim.eze480@mail.com,+234732814016
981,Bola Bello Global Ventures,"23 Ikorodu Road, Abuja",bola.bello481@mail.com,+234709246452
982,Ibrahim Bello Stores,"16 Ahmadu Bello Way, Port Harcourt",ibrahim.bello482@mail.com,+234732641138
983,Adebayo Eze Trading Co,"211 Ahmadu Bello Way, Kaduna",adebayo.eze483@mail.com,+234784725319
984,Femi Balogun Supermarket,"12 Herbert Macaulay Way, Lagos",femi.balogun484@mail.com,+234700063277
985,Emeka Eze General Merchants,"81 Allen Avenue, Port Harcourt",emeka.eze485@mail.com,+234763358933
986,Abubakar Eze Enterprises,"180 Broad Street, Enugu",abubakar.eze486@mail.com,+234796791656
987,Tunde Akinyemi Distribution Ltd,"98 Broad Street, Ibadan",tunde.akinyemi487@mail.com,+234787992088
988,Yakubu Nwankwo Ventures,"132 Allen Avenue, Port Harcourt",yakubu.nwankwo488@mail.com,+234803541147
989,Suleiman Nwankwo Retailers,"243 Awolowo Road, Lagos",suleiman.nwankwo489@mail.com,+234706994927
990,Femi Akinyemi Stores,"121 Allen Avenue, Ibadan",femi.akinyemi490@mail.com,+234708143592
991,Chukwuemeka Nwankwo Supermarket,"246 Ahmadu Bello Way, Port Harcourt",chukwuemeka.nwankwo491@mail.com,+234790660939
992,Oluwaseun Ibrahim Stores,"17 Broad Street, Abuja",oluwaseun.ibrahim492@mail.com,+234803467225
993,Suleiman Bello Retailers,"80 Ikorodu Road, Lagos",suleiman.bello493@mail.com,+234769130135
994,Chinedu Danladi Global Ventures,"71 Broad Street, Kaduna",chinedu.danladi494@mail.com,+234789000178
995,Suleiman Eze Distribution Ltd,"42 Ahmadu Bello Way, Lagos",suleiman.eze495@mail.com,+234724391641
996,Oluwaseun Eze Stores,"223 Herbert Macaulay Way, Enugu",oluwaseun.eze496@mail.com,+234701315860
997,Adebayo Usman Stores,"138 Ahmadu Bello Way, Port Harcourt",adebayo.usman497@mail.com,+234755028322
998,Bola Nwankwo Distribution Ltd,"92 Allen Avenue, Abuja",bola.nwankwo498@mail.com,+234750307765
999,Abubakar Danladi Supermarket,"70 Ikorodu Road, Kano",abubakar.danladi499@mail.com,+234763665882
1000,Yakubu Eze Stores,"272 Ahmadu Bello Way, Port Harcourt",yakubu.eze500@mail.com,+234807335160
1002,KHAWA PANGA MANDRO,,,
1003,ERIC BADEGE,,,
